Dataset,Prefix,Policy,Threshold,AUC,AP,Precision,Recall,F1,TN,FP,FN,TP,F1_95CI
MalBehavD-V1,full,val_fpr_budget,0.34397222222222223,0.9902145024027491,0.9921948347240016,0.9438775510204082,0.9585492227979274,0.9511568123393316,182,11,8,185,"[0.9291, 0.9720]"
MalBehavD-V1,full,val_max_f1,0.42244444444444434,0.9902145024027491,0.9921948347240016,0.9735449735449735,0.9533678756476683,0.9633507853403142,188,5,9,184,"[0.9430, 0.9809]"
MalBehavD-V1,full,oracle_test_max_f1_non_deployable,0.4221031746031745,0.9902145024027491,0.9921948347240016,0.9736842105263158,0.9585492227979274,0.9660574412532638,188,5,8,185,"[0.9468, 0.9834]"
