name,cell,embed,hidden,layers,parameters,max_tokens,epochs_run,threshold,validation_empirical_fpr,auc,ap,precision,recall,f1,tn,fp,fn,tp,observed_fpr
GRU-64x1,GRU,32,64,1,23666,512,8,2.495059013366699,0.05327868852459016,0.4159600729848664,0.5903838510139547,0.6666666666666666,0.08264462809917356,0.14705882352941177,72,5,111,10,0.06493506493506493
GRU-128x2,GRU,64,128,2,183218,512,8,2.2090346813201904,0.05327868852459016,0.49109155307502417,0.6385656798572603,0.6428571428571429,0.0743801652892562,0.13333333333333333,72,5,112,9,0.06493506493506493
LSTM-128x2,LSTM,64,128,2,241074,512,8,2.5047531127929688,0.05327868852459016,0.4722013523666417,0.6305119297608122,0.75,0.0743801652892562,0.13533834586466165,74,3,112,9,0.03896103896103896
