{
  "protocol": {
    "splits": 5,
    "repeats": 10,
    "threshold_count": 50,
    "fpr_budget": 0.05,
    "estimators": 500,
    "seed": 42,
    "test_used_for_selection": false
  },
  "development": {
    "n": 5819,
    "positives": 29,
    "negatives": 5790,
    "validation_positives_per_fold": [
      5,
      6
    ]
  },
  "threshold_distribution": {
    "median": 0.006,
    "q1": 0.004,
    "q3": 0.006,
    "min": 0.004,
    "max": 0.01
  },
  "aggregate_locked_threshold_test": {
    "auc": 0.7185789417194375,
    "ap": 0.8130241525229367,
    "precision": 0.7572815533980582,
    "recall": 0.6446280991735537,
    "f1": 0.6964285714285714,
    "tn": 52,
    "fp": 25,
    "fn": 43,
    "tp": 78,
    "observed_fpr": 0.3246753246753247
  },
  "test_sensitivity_across_preselected_thresholds": {
    "precision": {
      "median": 0.7572815533980582,
      "q1": 0.7410714285714286,
      "q3": 0.7572815533980582,
      "min": 0.7410714285714286,
      "max": 0.7978723404255319
    },
    "recall": {
      "median": 0.6446280991735537,
      "q1": 0.6446280991735537,
      "q3": 0.6859504132231405,
      "min": 0.6198347107438017,
      "max": 0.6859504132231405
    },
    "f1": {
      "median": 0.6964285714285714,
      "q1": 0.6964285714285714,
      "q3": 0.7124463519313304,
      "min": 0.6964285714285714,
      "max": 0.7124463519313304
    },
    "observed_fpr": {
      "median": 0.3246753246753247,
      "q1": 0.3246753246753247,
      "q3": 0.37662337662337664,
      "min": 0.24675324675324675,
      "max": 0.37662337662337664
    },
    "fp": {
      "median": 25.0,
      "q1": 25.0,
      "q3": 29.0,
      "min": 19.0,
      "max": 29.0
    },
    "fn": {
      "median": 43.0,
      "q1": 38.0,
      "q3": 43.0,
      "min": 38.0,
      "max": 46.0
    }
  }
}